Neighborhood,Price,Bedrooms,Bathrooms,House Size (sqft),Description,Neighborhood Description
Greenfield,"450,000",3,2,"1,800","Charming 3-bedroom home with a cozy fireplace and modern kitchen. Perfect for first-time buyers or small families.","Greenfield is a welcoming community with excellent schools, parks, and family-friendly events. Enjoy local cafes and a vibrant arts scene."
Riverside,"850,000",4,3,"2,700","Spacious 4-bedroom home with a pool and gourmet kitchen. Ideal for entertaining and family gatherings.","Riverside offers scenic river views, top-rated schools, and a bustling downtown. Families love the community events and outdoor activities."
Oakwood,"1,500,000",5,5,"4,200","Luxurious 5-bedroom estate with a home theater and wine cellar. Perfect for those who love to entertain.","Oakwood is an exclusive neighborhood with tree-lined streets and luxury amenities. Residents enjoy privacy and proximity to fine dining."
Lakeside,"600,000",3,2,"2,000","Beautiful lakeside 3-bedroom home with a private dock. Enjoy serene views and water activities.","Lakeside is a tranquil community with excellent schools and outdoor recreation. Families appreciate the peaceful environment and local festivals."
Hillcrest,"950,000",4,4,"3,000","Modern 4-bedroom home with a rooftop terrace and smart home features. Ideal for tech-savvy families.","Hillcrest is a vibrant neighborhood with diverse dining options and cultural events. Families enjoy the parks and top-notch schools."
Meadowbrook,"700,000",3,3,"2,300","Charming 3-bedroom cottage with a garden and sunroom. Perfect for nature lovers and gardeners.","Meadowbrook is a picturesque community with walking trails and community gardens. Families enjoy the friendly atmosphere and local markets."
Seaview,"2,200,000",6,6,"5,000","Stunning 6-bedroom beachfront property with panoramic ocean views. A dream home for beach lovers.","Seaview is a prestigious coastal neighborhood with luxury homes and private beaches. Families enjoy the exclusive lifestyle and ocean activities."
Willow Creek,"500,000",3,2,"1,900","Cozy 3-bedroom home with a fireplace and large backyard. Great for families with children.","Willow Creek is a family-friendly neighborhood with excellent schools and parks. Residents enjoy community events and a strong sense of community."
Cedar Grove,"1,100,000",4,3,"3,200","Elegant 4-bedroom home with a library and formal dining room. Perfect for those who appreciate classic design.","Cedar Grove is known for its historic charm and cultural attractions. Families enjoy the educational opportunities and community involvement."
Sunset Valley,"750,000",3,2,"2,100","Contemporary 3-bedroom home with an open floor plan and large windows. Ideal for modern living.","Sunset Valley is a dynamic neighborhood with trendy shops and cafes. Families appreciate the excellent schools and community spirit."
Pine Ridge,"1,300,000",5,4,"3,600","Spacious 5-bedroom home with a pool and outdoor kitchen. Perfect for hosting summer parties.","Pine Ridge is a sought-after neighborhood with top-rated schools and recreational facilities. Families enjoy the active lifestyle and community events."
Brookside,"550,000",3,2,"2,000","Charming 3-bedroom home with a wraparound porch and cozy interior. Ideal for those seeking comfort.","Brookside is a friendly neighborhood with parks and local shops. Families enjoy the community events and welcoming atmosphere."